,MITRA TAHUN 2023,,,,,,,,,,,,,,,,,,,78.128.795.390,,,,,,,,,58.521.188.630,,12.159.233.720,,6.750.000.000,,17.127.175.062,,13.000.000.000,,2.500.000.000,,235.194.528.491,1.413.072,345.252.125.903,78.128.795.390,,,0,,,,,,,,,,,,,,,,,,,,,,,,,,,,,,,,,,,,,,
,,,,,,,,,,,,,,,,,,,,0,,,,,,185.734.730.557,,,PEMBAYARAN,,,,,,,,,,,,,,,,,,,,,,,,,,,,,,,,,,,,,,,,,,,,,,,,,,,,,,,,
,,,,,,,,,,,,,423.380.921.293,,,,,260.463.727.937,345.252.125.903,78.128.795.390,,,5.086.412.289,73.042.383.101,"Kontrak 13/10/2023 sd 10/02/2024, dibukukan 29/02/2024 (RKAP 2024 tidak dianggarkan)",203.927.473.742,33.718.716.994,,TAHAP I,,TAHAP II,,TAHAP III,,TAHAP IV,,TAHAP V,,TAHAP VI,,RAMPUNG,,,,,,,,,,,,,  165.215.698.674 ,  26.820.216.600 ,  - ,  4.508.962.415 ,  17.861.085.000 ,  5.500.000.000 ,  18.231.589.368 ,  6.061.566.023 ,  49.684.928.871 ,  101.462.620.591 ,  7.515.221.868 ,  - ,  20.519.031.883 ,  - ,  231.345.006.019 ,  258.165.222.619 ,  87.086.903.284 ,  - ,  9.333.574.772 ,  21.499.093.190 ,  - ,  - ,  19.950.096.917 ,  - ,  300.937.650 ,  - ,  31.560.205.750 ,  4.442.995.005 ,  - ,  87.086.903.284 ,,
,AGENDA,TGL SPP,NO SPP,KEBUN,VENDOR,NO KONTRAK,TGL. KONTRAK,TGL. KONTRAK BERAKHIR,NO. BERITA ACARA,TGL. BERITA ACARA,TGL. FAKTUR PAJAK,HAL,NILAI,POSISI DOKUMEN,TANGGAL MASUK DOKUMEN,PROSES VERIFIKASI,KETERANGAN VERIFIKASI,NILAI SETELAH VERIFIKASI,DIBAYAR,BELUM DIBAYAR,NO PO,NO MIRO/SES,Siap Bayar,Belum Siap Bayar,Keterangan,Dibukukan Tahun 2023,Dibukukan Tahun 2024,Tgl Buku Tahun 2024,JUMLAH,TANGGAL BAYAR I,JUMLAH,TANGGAL BAYAR II,JUMLAH,TANGGAL BAYAR III,JUMLAH,TANGGAL BAYAR IV,JUMLAH,TANGGAL BAYAR V,JUMLAH,TANGGAL BAYAR VI,JUMLAH,TANGGAL BAYAR RAMPUNG,JUMLAH DIBAYAR,BELUM DIBAYAR,FILE SPP,,, Umur Hutang (Hari) ,Umur SPP,Umur SPK (Hari),Umur SPK,Umur BA (Hari),Umur BA,Saldo Hutang,  2.023 , Jan , Feb , Mar , Apr , Mei , Jun , Jul , Agu , Sep , Okt , Nov , Des , Sd 2024 , TOTAL , SELISIH ,Jan,Feb,Mar,Apr,Mei,Jun,Jul,Agu,Sep,Okt,Nov,Des, 2025 , Total , Selisih 
,6875,20 Des 2022,13.01/SPP/373/XII/2022,,PT. Sri Rejeki Fertilizer,,,,,,,Pembayaran pengadaan pupuk NPK 18.10.20 SM I tahun 2021 Kontrak No 13.01/SPJ/06/IV/2021,2.033.909.938,KEUANGAN,21/12/2022,19/01/2023,,2.033.909.938,2.033.909.938,0,,,,0,,2.033.909.938,,0,,,,,,,,,,,,,2.033.909.938,22/03/2024,2.033.909.938,0,,,,0,0,0,0,0,0,0,  - ,  - ,  - ,  2.033.909.938 ,  - ,  - ,  - ,  - ,  - ,  - ,  - ,  - ,  - ,  2.033.909.938 ,  2.033.909.938 ,  - ,  - ,  - ,  - ,  - ,  - ,  - ,  - ,  - ,  - ,  - ,  - ,  - ,  - ,  2.033.909.938 ,  (2.033.909.938)
,6882,20 Des 2022,13.01/SPP/376/XII/2022,,PT. Sri Rejeki Fertilizer,13.01/SPJ/08/III/2022,30 Mar 2022,,Tabar/PBM/0041/VI/2022,11 Jun 2022,,Permintaan pembayaran atas pengadaan Pupuk NPK 13.6.27.4 SM I tahun 2022 sesuai Kontrak No 13.01/SPJ/08/III/2022,61.983.983.660,KEUANGAN,21/12/2022,,"SPB masih ada yang kurang, dokumen dengan sdri Agnes,untuk penyesuaian pengajuan BG",0,61.983.983.660,0,,,,0,,61.983.983.660,,0,983.983.660,18/04/2023,5.000.000.000,25/07/2023,500.000.000,21/11/2023,7.827.175.062,22/03/2024,12000000000,31/05/2024,,,35.672.824.938,10/07/2024,61.983.983.660,0,,,,0,0,0,0,0,0,0,  6.483.983.660 ,  - ,  - ,  7.827.175.062 ,  - ,  12.000.000.000 ,  - ,  35.672.824.938 ,  - ,  - ,  - ,  - ,  - ,  55.500.000.000 ,  61.983.983.660 ,  - ,  - ,  - ,  - ,  - ,  - ,  - ,  - ,  - ,  - ,  - ,  - ,  - ,  - ,  55.500.000.000 ,  (49.016.016.340)
,4331,24 Agu 2022,13.01/SPP/282/VIII/2022,,PT WEHA AGRO SEJAHTERA,13.01/SPJ/10/X/2021,18 Okt 2021,,06/BA/RB/2022,7 Jan 2022,,PEMBAYARAN PENGADAAN PUPUK NPK 18.10.20+0TE PT WEHA AGRO SEJAHTERA SM II 2021 KONTRAK NO. 13.01/SPJ/10/X/2021,4.987.801.437,KEUANGAN,24/08/2022,,"- FAKTUR PAJAK BELUM TERLAMPIR,  KEMBALI KE TANAMAN  (P JEHAN), PERBAIKAN PERHITUNGAN PPH ( udah kembali ke keuangan tgl 20/12.2022 jam 16.30 oleh Bapak Suhendro tanaman                                                            - Tgl.10/1/2023 Dok diserahkan ke tim kas bank, ada perintah bayar, belum diverifikasi ulang, POSISI PER 13/03/2023 DI PEGANG O;EH BU AGNES",0,4.987.801.437,0,,,,0,,4.987.801.437,,0,4.000.000.000,11/01/2023,,,,,,,,,,,987.801.437,10/07/2024,4.987.801.437,0,,,,0,0,0,0,0,0,0,  4.000.000.000 ,  - ,  - ,  - ,  - ,  - ,  - ,  987.801.437 ,  - ,  - ,  - ,  - ,  - ,  987.801.437 ,  4.987.801.437 ,  - ,  - ,  - ,  - ,  - ,  - ,  - ,  - ,  - ,  - ,  - ,  - ,  - ,  - ,  987.801.437 ,  3.012.198.563 
,6881,20 Des 2022,13.01/SPP/375/XII/2022,,PT WEHA AGRO SEJAHTERA,13.01/SPJ/05/III/2022,21 Mar 2022,,014A/GM/BA/VII/2022,14 Jul 2022,,Pembayaran pengadaan Pupuk NPK 18.10.20.SM.I tahun 2022 Kontrak No 13.01/SPJ/05/III/2022,6.287.750.942,KEUANGAN,21/12/2022,27/03/2023,,6.287.750.942,6.287.750.942,0,,,,0,,6.287.750.942,,0,4.000.000.000,22/03/2024,1500000000,31/05/2024,,,,,,,,,787.750.942,10/07/2024,6.287.750.942,0,,,,0,0,0,0,0,0,0,  - ,  - ,  - ,  4.000.000.000 ,  - ,  1.500.000.000 ,  - ,  787.750.942 ,  - ,  - ,  - ,  - ,  - ,  6.287.750.942 ,  6.287.750.942 ,  - ,  - ,  - ,  - ,  - ,  - ,  - ,  - ,  - ,  - ,  - ,  - ,  - ,  - ,  6.287.750.942 ,  (6.287.750.942)
,2847_2023,15 Mei 2023,13.01/SPP/173/V/2023,,PT Dupan Anugerah Lestari,13.01/SPJ/11/XI/2021,,,,,,Kekurangan Pembayaran Dropping Pupuk NPK 13.6.27.4 + OTE SM II Tahun 2021 sebanyak 19.850 Kg Kontrak No. 13.01/SPJ/11/XI/2023,162.862.537,KEUANGAN,15/05/2023,,"- BAPBM dan AU53 belum dilampirkan, sudah dihubungi KTU masing2 kebun yang bersangkutan untuk mengirimkan ke Kandir.                                    - BA dan AU 53 sdh dilampirkan.                                                                                 - hasil analisa blm ada, sdh dihubungi Vendor dan bagian tanaman cq sdr Wahyu,                    - Mendesak untuk dibayarkan, dokumen SPP di Tim Kas Bank.",0,162.862.537,0,,,,0,,162.862.537,,0,,,,,,,,,,,,,162.862.537,31/05/2024,162.862.537,0,,,,0,0,0,0,0,0,0,  - ,  - ,  - ,  - ,  - ,  162.862.537 ,  - ,  - ,  - ,  - ,  - ,  - ,  - ,  162.862.537 ,  162.862.537 ,  - ,  - ,  - ,  - ,  - ,  - ,  - ,  - ,  - ,  - ,  - ,  - ,  - ,  - ,  162.862.537 ,  (162.862.537)
,5564_2023,18 Sep 2023,13.01/SPP/332/IX/2023,,PT Polowijo Gosari,13.01/SPJ/14/IX/2022,1 Sep 2022,,01/BASTB/PG/VIII/2023,7 Agu 2023,,"Pembayaran Tahap VI Pengadaan Pupuk NPK 13,6,27,4 + OTE SM II 2022 SP No. 13.01/SPJ/14/IX/2022 tgl. 01 September 2022",5.914.755.885,KEUANGAN,21/09/2023,10/10/2023,,5.914.755.885,5.914.755.885,0,,,,0,,5.914.755.885,,0,500.000.000,21/11/2023,650.000.000,28/12/2023,750000000,22/02/2024,4000000000,25/03/2024,,,,,14.755.885,11/07/2024,5.914.755.885,0,,,,0,0,0,0,0,0,0,  1.150.000.000 ,  - ,  750.000.000 ,  4.000.000.000 ,  - ,  - ,  - ,  14.755.885 ,  - ,  - ,  - ,  - ,  - ,  4.764.755.885 ,  5.914.755.885 ,  - ,  - ,  - ,  - ,  - ,  - ,  - ,  - ,  - ,  - ,  - ,  - ,  - ,  - ,  4.764.755.885 ,  (3.614.755.885)
,6581_2023,8 Nov 2023,13.01/SPP/381/XI/2023,,PT Kampar Synergi Abadi,13.01/SPJ/07/VII/2023,17 Jul 2023,,DASAL/BA/01/IX/2023,18 Sep 2023,,"Permintaan Pembayaran atas Pengadaan Pupuk Tunggal/Pupuk Urea Semester II Tahun 2023 Tahap I atas Kebun Danau Salak, Longkali, Pamukan, Tabara, dan Tajati sesuai Surat Perjanjian No. 13.01/SPJ/07/VII/2023 Tanggal 17 Juli 2023",8.470.799.743,KEUANGAN,13/11/2023,,"Kembali ke tanaman, no. Miro, PO, perihungan denda dan PPh atas ongkos angkut belum terlampir, diterima oleyh B. Agustina 14/11.23",0,8.470.799.743,0,,,,0,,8.470.799.743,,0,600.000.000,23/11/2023,509.233.720,15/12/2023,500.000.000,28/12/2023,300.000.000,22/02/2024,1000000000,22/05/2024,2.500.000.000,03/06/2024,3.061.566.023,24/06/2024,8.470.799.743,0,,,,0,0,0,0,0,0,0,  1.609.233.720 ,  - ,  300.000.000 ,  - ,  - ,  1.000.000.000 ,  5.561.566.023 ,  - ,  - ,  - ,  - ,  - ,  - ,  6.861.566.023 ,  8.470.799.743 ,  - ,  - ,  - ,  - ,  - ,  - ,  - ,  - ,  - ,  - ,  - ,  - ,  - ,  - ,  6.861.566.023 ,  (5.252.332.303)
,6715_2023,8 Nov 2023,13.01/SPP/382/XI/2023,,PT Dupan Anugerah Lestari,13.01/SPJ/02/VI/2023,6 Jun 2023,,001/BAPBM/Pelai-Kandir/IX/2023,9 Sep 2023,,"Permintaan pembayaran atas Pengadaan Bersama Pupuk Mejemuk Pupuk NPK 13,6,27,4 + OTE semester II Tahun 2023 Tahap I atas Kebun Kembayan, Pandawa & Pelaihari sesuai SP No. 13.01/SPJ/02/VI/2023",5.231.918.330,KEUANGAN,21/11/2023,21/11/2023,,5.231.918.330,5.231.918.330,0,,,,0,,5.231.918.330,,0,2.700.000.000,23/11/2023,500.000.000,28/12/2023,500.000.000,22/02/2024,1000000000,28/05/2024,,,,,531.918.330,31/05/2024,5.231.918.330,0,,,,0,0,0,0,0,0,0,  3.200.000.000 ,  - ,  500.000.000 ,  - ,  - ,  1.531.918.330 ,  - ,  - ,  - ,  - ,  - ,  - ,  - ,  2.031.918.330 ,  5.231.918.330 ,  - ,  - ,  - ,  - ,  - ,  - ,  - ,  - ,  - ,  - ,  - ,  - ,  - ,  - ,  2.031.918.330 ,  1.168.081.670 
,6788_2023,23 Nov 2023,13.01/SPP/404/XI/2023,,PT WEHA AGRO SEJAHTERA,13.01/SP/SPJ/17/XII/2022,22 Des 2022,,BA/GE/15/V/2023,15 Mei 2023,,Permintaan atas Pengadaan Pupuk NPK 13.6.27.4 + 0TE tahun 2023 sesuai Surat Perjanjian No. 13.01/SP/SPJ/17/XII/2022,82.063.695.714,KEUANGAN,23/11/2023,26/07/2024,,82.063.695.714,82.063.695.714,0,,,0,0,,82.063.695.714,,0,,,,,,,,,,,,,82.063.695.714,23/08/2024,82.063.695.714,0,,,,0,0,0,0,0,0,0,  - ,  - ,  - ,  - ,  - ,  - ,  - ,  - ,  82.063.695.714 ,  - ,  - ,  - ,  - ,  82.063.695.714 ,  82.063.695.714 ,  - ,  - ,  - ,  - ,  - ,  - ,  - ,  - ,  - ,  - ,  - ,  - ,  - ,  - ,  82.063.695.714 ,  (82.063.695.714)
,7033_2023,6 Des 2023,13.01/SPP/424/XII/2023,,PT Polowijo Gosari,13.01/SPJ/14/IX/2022,1 Sep 2022,,01/BASTB/PG/IX/2023,10 Sep 2023,,Pembayaran Tahap VII Pengadaan Pupuk NPK 13.6.27.4 + OTE SM II 2022 atas Kebun Pelaihari sesuai Surat Perjanjian No. 13.01/SPJ/14/IX/2022 tgl. 1 September 2022,5.934.040.538,KEUANGAN,06/12/2023,08/12/2023,,5.934.040.538,5.934.040.538,0,,,,0,,5.934.040.538,,0,1.500.000.000,24/04/2024,1.500.000.000,26/04/2024,2.500.000.000,29/04/2024,,,,,,,434.040.538,11/07/2024,5.934.040.538,0,,,,0,0,0,0,0,0,0,  - ,  - ,  - ,  - ,  5.500.000.000 ,  - ,  - ,  434.040.538 ,  - ,  - ,  - ,  - ,  - ,  5.934.040.538 ,  5.934.040.538 ,  - ,  - ,  - ,  - ,  - ,  - ,  - ,  - ,  - ,  - ,  - ,  - ,  - ,  - ,  5.934.040.538 ,  (5.934.040.538)
,0542_2024,23 Jan 2024,5TAN/SPP/14/I/2024,,PT Magnesium Gosari Internasional,,13.01/SPJ/11/X/2023,,45204,Tabar/PBM/0036/XI/2023,,Permintaan atas Pengadaan Pupuk Tunggal sesuai Surat Perjanjian No. 13.01/SPJ/11/X/2023 tgl. 5 Oktober 2023,2.658.962.415,KEUANGAN,24/01/2024,30/01/2024,,2.658.962.415,2.658.962.415,0,,,,0,,2.658.962.415,,0,,,,,,,,,,,,,2.658.962.415,12/02/2024,2.658.962.415,0,,,,0,0,0,0,0,0,0,  - ,  - ,  2.658.962.415 ,  - ,  - ,  - ,  - ,  - ,  - ,  - ,  - ,  - ,  - ,  2.658.962.415 ,  2.658.962.415 ,  - ,  - ,  - ,  - ,  - ,  - ,  - ,  - ,  - ,  - ,  - ,  - ,  - ,  - ,  2.658.962.415 ,  (2.658.962.415)
,2183_2023,4 Apr 2023,13.01/SPP/129/IV/2023,,"Bio Industri Nusantara, PT.",13.01/SPJ/02/II/2023,10 Feb 2023,,001/BAPBM/Pelai-Kandir/II/2023,17 Feb 2023,,Penerbitan Bilyet Giro Untuk Pembayaran Pengadaan Herbisida Isoproppilamina Glifosat Kebutuhan TM TU Kelapa Sawit sesuai Kontrak No. 13.01/SPJ/02/II/2023,3.390.821.224,KEUANGAN,04/04/2023,09/08/2023,,3.390.821.224,3.390.821.224,0,,,,0,,3.390.821.224,,0,300.000.000,22/02/2024,1500000000,31/05/2024,,,,,,,,,1.590.821.224,11/07/2024,3.390.821.224,0,,,,0,0,0,0,0,0,0,  - ,  - ,  300.000.000 ,  - ,  - ,  1.500.000.000 ,  - ,  1.590.821.224 ,  - ,  - ,  - ,  - ,  - ,  3.390.821.224 ,  3.390.821.224 ,  - ,  - ,  - ,  - ,  - ,  - ,  - ,  - ,  - ,  - ,  - ,  - ,  - ,  - ,  3.390.821.224 ,  (3.390.821.224)
,1182_2024,21 Feb 2024,5TAN/SPP/52/II/2024,,PT Goautama Sinarbatuah,,13.01/SPJ/01/IX/2023,,45174,DEKAN/62/2023,,Permintaan pembayaran atas pengadaan Pupuk Majemuk Pupuk NPK 15.15.6.4 + 0TE Semester II Tahun 2023 SP No. 13.01/SPJ/01/IX/2023 tgl. 05 September 2023,536.808.501,KEUANGAN,22/02/2024,29/02/2024,,536.808.501,536.808.501,0,,,,0,,536.808.501,,0,,,,,,,,,,,,,536.808.501,31/05/2024,536.808.501,0,,,,0,0,0,0,0,0,0,  - ,  - ,  - ,  - ,  - ,  536.808.501 ,  - ,  - ,  - ,  - ,  - ,  - ,  - ,  536.808.501 ,  536.808.501 ,  - ,  - ,  - ,  - ,  - ,  - ,  - ,  - ,  - ,  - ,  - ,  - ,  - ,  - ,  536.808.501 ,  (536.808.501)
,3028_2024,31 Mei 2024,5TAN/SPP/140/V/2024,,PT Weha Agro Sejahtera,13.01/SPJ/03/VI/2023,6 Jun 2023,,,,,Permintaan Pembayaran atas Pengadaan Pupuk NPK 12.12.17.2 + 1 TE sesuai Surat Perjanjian No. 13.01/SPJ/03/VI/2023 tgl. 6 Juni 2023,12.600.113.916,KEUANGAN,12/06/2024,25/07/2024,,12.600.113.916,12.600.113.916,0,,,0,0,,,12.600.113.916,0,500.000.000,26/07/2024,,,,,,,,,,,12.100.113.916,23/08/2024,12.600.113.916,0,,,,0,0,0,0,0,0,0,  - ,  - ,  - ,  - ,  - ,  - ,  - ,  500.000.000 ,  12.100.113.916 ,  - ,  - ,  - ,  - ,  12.600.113.916 ,  12.600.113.916 ,  - ,  - ,  - ,  - ,  - ,  - ,  - ,  - ,  - ,  - ,  - ,  - ,  - ,  - ,  12.600.113.916 ,  (12.600.113.916)
,3029_2024,29 Mei 2024,5TAN/SPP/139/V/2024,,Riset Perkebunan Nusantara Cabang PPKS,13.01/SPJ/01/VI/2023,6 Jun 2023,,,,,Permintaan Pembayaran atas Pengadaan Pupuk Hayati Majemuk sesuai Surat Perjanjian No. 13.01/SPJ/01/VI/2023 tgl. 6 Juni 2023,6.297.579.839,KEUANGAN,12/06/2024,25/07/2024,,6.297.579.839,6.297.579.839,0,,,0,0,,,6.297.579.839,30/12/1899,1.000.000.000,26/07/2024,,,,,,,,,,,5.297.579.839,02/09/2024,6.297.579.839,0,,,,0,0,0,0,0,0,0,  - ,  - ,  - ,  - ,  - ,  - ,  - ,  1.000.000.000 ,  - ,  5.297.579.839 ,  - ,  - ,  - ,  6.297.579.839 ,  6.297.579.839 ,  - ,  - ,  - ,  - ,  - ,  - ,  - ,  - ,  - ,  - ,  - ,  - ,  - ,  - ,  6.297.579.839 ,  (6.297.579.839)
,3049_2024,12 Jun 2024,5TAN/SPP/149/VI/2024,,PT Mest Indonesiy,13.01/SPJ/04/V/2023,23 Mei 2023,,09/BA/RB/2024,30 Apr 2024,,Permintaan Pembayaran atas Pengadaan Pupuk MOP/KCL sesuai Surat Perjanjian No. 13.01/SPJ/04/V/2023 tgl. 23 Mei 2023,9.049.285.421,KEUANGAN,13/06/2024,14/06/2024,,9.049.285.421,9.049.285.421,0,,,,0,,,9.049.285.421,0,500.000.000,25/06/2024,1000000000,01/07/2024,2000000000,09/07/2024,4000000000,10/07/2024,,,,,1.549.285.421,11/07/2024,9.049.285.421,0,,,,0,0,0,0,0,0,0,  - ,  - ,  - ,  - ,  - ,  - ,  500.000.000 ,  8.549.285.421 ,  - ,  - ,  - ,  - ,  - ,  9.049.285.421 ,  9.049.285.421 ,  - ,  - ,  - ,  - ,  - ,  - ,  - ,  - ,  - ,  - ,  - ,  - ,  - ,  - ,  9.049.285.421 ,  (9.049.285.421)
,,4 Mei 2018,13.04/SPP/49/V/2018,,PT Polowijo Gosari,13.04/SPJB/006/X/2017,9 Okt 2017,,01/BAPBM/PELAI-KANDIR/I/2018,23 Jan 2018,,Pembayaran atas Pembelian Pupuk NPK Granular dan Ongkos Angkut kebutuhan Kebun Ngabang & Pelaihari sesuai :13.04/SPJB/006/X/2017,10.024.647.706,TANAMAN,,,,0,10.024.647.706,0,,,,0,,10.024.647.706,,0,9.876.999.220,18/05/2023,,,,,,,,,,,147.648.486,11/07/2024,10.024.647.706,0,,,,0,0,0,0,0,0,0,  9.876.999.220 ,  - ,  - ,  - ,  - ,  - ,  - ,  147.648.486 ,  - ,  - ,  - ,  - ,  - ,  147.648.486 ,  10.024.647.706 ,  - ,  - ,  - ,  - ,  - ,  - ,  - ,  - ,  - ,  - ,  - ,  - ,  - ,  - ,  147.648.486 ,  9.729.350.734 
,3639_2024,11 Jul 2024,5TAN/SPP/172/VII/2024,,PT Herbivor Satu Nusa,13.01/SPJ/13/2023,27 Nov 2023,26 Jan 2024,DASAL/BA/02/IV/2024,8 Apr 2024,10/06/2024,Permintaan pembayaran atas pengadaan Pupuk Tunggal SP No. 13.01/SPJ/13/2023 tgl. 27 November 2023,5.771.737.818,KEUANGAN,16/07/2024,TRUE,,5.771.737.818,5.771.737.818,0,,5201116262,0,0,,,5.771.737.818,30/12/1899,,,,,,,,,,,,,5.771.737.818,09/08/2024,5.771.737.818,0,,,,0,0,0,0,0,0,0,  - ,  - ,  - ,  - ,  - ,  - ,  - ,  - ,  5.771.737.818 ,  - ,  - ,  - ,  - ,  5.771.737.818 ,  5.771.737.818 ,  - ,  - ,  - ,  - ,  - ,  - ,  - ,  - ,  - ,  - ,  - ,  - ,  - ,  - ,  5.771.737.818 ,  (5.771.737.818)
,4324_2024,12 Agu 2024,5TAN/SPP/197/VIII/2024,,PT Polowijo Gosari,13.01/SPJ/14/IX/2022,1 Sep 2022,,,,,Permintaan Pembayaran atas Pekerjaan Pengadaan Pupuk NPK 13.6.27.+0TE SP No. 13.01/SPJ/14/IX/2022 tgl. 01 September 2022,2.217.642.029,KEUANGAN,13/08/2024,,"Po,miro,Au 53,BAPBM,BASTB,Hasil analisa blm lengkap,sdh di lengkapi tp BAPBM blm tanda tangan vendor dokumen kembali 23/8.balik lg ke wahyu tgl 30/8 ada kekurangan sebesar 25 kg                                               - Kekurangan akan diterbitkan BA baru dan pengakuan hutang sesuai BA dan sdh dikomunikasikan dengan tim SAP RO                                                                                      - Pembayaran segera                                                                                                                                                      - kembali lagi untuk dihitung pph atas pph yg belum dipotong di tahap sbelumnya",0,2.217.642.029,0,,,,0,,2.217.642.029,,0,,,,,,,,,,,,,2.217.642.029,02/09/2024,2.217.642.029,0,,,,0,0,0,0,0,0,0,  - ,  - ,  - ,  - ,  - ,  - ,  - ,  - ,  - ,  2.217.642.029 ,  - ,  - ,  - ,  2.217.642.029 ,  2.217.642.029 ,  - ,  - ,  - ,  - ,  - ,  - ,  - ,  - ,  - ,  - ,  - ,  - ,  - ,  - ,  2.217.642.029 ,  (2.217.642.029)
,,,1308/SPP/0155/IV/2016,,PT Polowijo Gosari,,,,,,,Pembayaran atas Pembelian Pupuk Dolomite SPJB No. 13.08/SPJB/007/2015esuai,2.027.073.143,TANAMAN,,,,0,2.027.073.143,0,,,,0,,2.027.073.143,,0,500.000.000,01/10/2023,,,,,,,,,,,1.527.073.143,23/08/2024,2.027.073.143,0,,,,0,0,0,0,0,0,0,  500.000.000 ,  - ,  - ,  - ,  - ,  - ,  - ,  - ,  1.527.073.143 ,  - ,  - ,  - ,  - ,  1.527.073.143 ,  2.027.073.143 ,  - ,  - ,  - ,  - ,  - ,  - ,  - ,  - ,  - ,  - ,  - ,  - ,  - ,  - ,  1.527.073.143 ,  (1.027.073.143)
,6015_2024,24 Okt 2024,5TAN/SPP/271/X/2024,,PT Weha Agro Sejahtera,13.01/SPJ/03/VI/2023 ,6 Jun 2024,60 Hari kerja,Ngaba/BA/15/WAS/VI/2024,12 Jun 2024,,"Permintaan pembayaran atas Pengadaan Pupuk NPK 12.12.17.2 + 1 TE Kebun Sungai Dekan, Rimba Belian, Ngabang, dan Danau Salak Kontrak No. 13.01/SPJ/03/VI/2023 tgl. 06 Juni 2023",20.519.031.883,KEUANGAN,28/10/2024,12/11/2024,,20.519.031.883,20.519.031.883,0,41002500911,5201146368,,0,,,,20.519.031.883,,,,,,,,,,,,,20.519.031.883,26/11/2024,20.519.031.883,0,,,,0,0,0,0,0,0,0,  - ,  - ,  - ,  - ,  - ,  - ,  - ,  - ,  - ,  - ,  - ,  20.519.031.883 ,  - ,  20.519.031.883 ,  20.519.031.883 ,  - ,  - ,  - ,  - ,  - ,  - ,  - ,  - ,  - ,  - ,  - ,  - ,  - ,  - ,  20.519.031.883 ,  (20.519.031.883)
,7344_2024,9 Sep 2024,5TAN/SPP/235/IX/2024,,PT Dupan Anugerah Lestari,13.01/SPJ/02/VI/2023 ,6 Jun 2023,30 Juni 2024,NGaba/BA/17/DAL/VII/2024,5 Jul 2024,,Permintaan pembayaran atas Pengadaan Bersama Pupuk Majemuk Pupuk NPK 13.6.27.4 0TE Tahap II sesuai Surat Perjanjian No. 13.01/SPJ/02/VI/2023 tgl. 06 Juni 2023,4.458.593.522,KEUANGAN,27/12/2024,04/02/2025,,4.458.593.522,4.458.593.522,0,4100239270,,,0,,,,4.458.593.522,,,,,,,,,,,,,4.458.593.522,11/02/2025,4.458.593.522,0,,,,0,0,0,0,0,0,4.458.593.522,  - ,  - ,  - ,  - ,  - ,  - ,  - ,  - ,  - ,  - ,  - ,  - ,  - ,  - ,  - ,  4.458.593.522 ,  - ,  4.458.593.522 ,  - ,  - ,  - ,  - ,  - ,  - ,  - ,  - ,  - ,  - ,  4.458.593.522 ,  4.458.593.522 ,  - 
,342_2025,14/01/2025,5TAN/SPP/49/I/2025,,CV Anugrah Perkasa Mandiri,5TAN/SP/36/5UGKBKTKS/IX/2024,3 Sep 2024,2 Desember 2024,5KTB/PBM/0039/X/2024,21 Okt 2024,,Permintaan pembayaran atas Pengadaan Herbisida Triklopir 480 G/L sesuai Surat Perjanjian No. 5TAN/SP/36/5UGKBKTKS/IX/2024 tgl. 03 September 2024,4.874.981.250,KEUANGAN,16/01/2025,11/02/2025,,4.874.981.250,4.874.981.250,0,4100258974,,0,0,,,,4.874.981.250,,,,,,,,,,,,,4.874.981.250,21/02/2025,4.874.981.250,0,,,,0,0,0,0,0,0,4.874.981.250,  - ,  - ,  - ,  - ,  - ,  - ,  - ,  - ,  - ,  - ,  - ,  - ,  - ,  - ,  - ,  4.874.981.250 ,  - ,  4.874.981.250 ,  - ,  - ,  - ,  - ,  - ,  - ,  - ,  - ,  - ,  - ,  4.874.981.250 ,  4.874.981.250 ,  - 
,418_2025,20 Jan 2025,5TAN/SPP/51/I/2025,,PT Weha Agro Sejahtera,13.01/SPJ/12/XI/2023,22 Nov 2023,,Ngaba/BA/26/WAS/X/2024,1 Okt 2024,,"Permintaan pembayaran atas pengadaan Pupuk NPK 12.12.17.2 + 1 TE sebanyak 941.150 Kg Franco Gudang Kebun Rimba Belian, Sungai Dekan, Kembayan, Gunung Meliau, Ngabang, Gunung Emas sesuai Surat Perjanjian No. 13.01/SPJ/12/XI/2023 tgl. 22 Nopember 2023",8.024.422.014,KEUANGAN,20/01/2025,20/02/2025,,8.024.422.014,8.024.422.014,0,4100261312,,0,0,,,,8.024.422.014,,,,,,,,,,,,,8.024.422.014,10/03/2025,8.024.422.014,0,,,,0,0,0,0,0,0,8.024.422.014,  - ,  - ,  - ,  - ,  - ,  - ,  - ,  - ,  - ,  - ,  - ,  - ,  - ,  - ,  - ,  8.024.422.014 ,  - ,  - ,  8.024.422.014 ,  - ,  - ,  - ,  - ,  - ,  - ,  - ,  - ,  - ,  8.024.422.014 ,  8.024.422.014 ,  - 
,965_2025,11 Feb 2025,5TAN/SPP/109/II/2025,,PT Dupan Anugerah Lestari,5TAN/SPJ/01/XII/2023,4 Des 2023,,BA/GE/23/XI/2024,11 Nov 2024,,Permintaan pembayaran atas Pengadaan Bersama Pupuk Majemuk NPK 13.6.27.4+ 0TE sesuai Surat Perjanjian No. 5TAN/SPJ/01/XII/2023 tgl. 04 Desember 2023,11.526.070.940,KEUANGAN,12/02/2025,12/02/2025,,11.526.070.940,11.526.070.940,0,4100255700,5015076716,0,0,,,,11.526.070.940,,,,,,,,,,,,,11.526.070.940,13/03/2025,11.526.070.940,0,,,,0,0,0,0,0,0,11.526.070.940,  - ,  - ,  - ,  - ,  - ,  - ,  - ,  - ,  - ,  - ,  - ,  - ,  - ,  - ,  - ,  11.526.070.940 ,  - ,  - ,  11.526.070.940 ,  - ,  - ,  - ,  - ,  - ,  - ,  - ,  - ,  - ,  11.526.070.940 ,  11.526.070.940 ,  - 
,1624_2025,25 Feb 2025,5TAN/SPP/242/II/2025,,PT Kampar Synergi Abadi,5TAN/SPJ/07/VII/2023 ,17 Jul 2023,Kembali lagi Ke wahyu Tanaman  tgl 10/03/2024 jam 16.34,Ngaba/BA/9/KSA/V/2024,2 Mei 2024,,Permintaan pembayaran atas Pengadaan Pupuk Urea Kebun Pelaihari Pandawa dan Ngabang sesuai Surat Perjanjian No. 5TAN/SPJ/07/VII/2023 tgl. 17 Juli 2023,1.948.600.236,KEUANGAN,10/03/2025,12/03/2025,,1.948.600.236,1.948.600.236,0,4100246999,,,0,,,,1.948.600.236,,,,,,,,,,,,,1.948.600.236,13/03/2025,1.948.600.236,0,,,,0,0,0,0,0,0,1.948.600.236,  - ,  - ,  - ,  - ,  - ,  - ,  - ,  - ,  - ,  - ,  - ,  - ,  - ,  - ,  - ,  1.948.600.236 ,  - ,  - ,  1.948.600.236 ,  - ,  - ,  - ,  - ,  - ,  - ,  - ,  - ,  - ,  1.948.600.236 ,  1.948.600.236 ,  - 
,1889_2025,5 Mar 2025,5TAN/SPP/275/III/2025,,PT Dupan Anugerah Lestari,5TAN/SPJ/01/XII/2023,4 Des 2023,,I/2311039,,,Permintaan pembayaran atas Pengadaan Bersama Pupuk Majemuk Pupuk NPK 13.6.27.4+0TE di Kebun Pandawa sesuai Surat Perjanjian No. 5TAN/SPJ/01/XII/2023 tgl. 04 Desember 2023,2.005.185.683,KEUANGAN,19/03/2025,24/03/2025,,2.005.185.683,2.005.185.683,0,4100255697,5201364084,0,0,,,,2.005.185.683,,,,,,,,,,,,,2.005.185.683,13/06/2025,2.005.185.683,0,,,,0,0,0,0,0,0,2.005.185.683,  - ,  - ,  - ,  - ,  - ,  - ,  - ,  - ,  - ,  - ,  - ,  - ,  - ,  - ,  - ,  2.005.185.683 ,  - ,  - ,  - ,  - ,  - ,  2.005.185.683 ,  - ,  - ,  - ,  - ,  - ,  - ,  2.005.185.683 ,  2.005.185.683 ,  - 
,1892_2025,17 Mar 2025,5TAN/SPP/276/III/2025,,PT Dupan Anugerah Lestari,5TAN/05/SPJ/X/2024 ,14 Okt 2024,14 Januari 2025,V/2410039,,,Permintaan pembayaran atas Pengadaan Pupuk Majemuk NPK 13.6.27.4+0TE (GRANULAR) Semester II Tahun 2024 Kebun Rimba Belian dan Kebun Gunung Meliau sesuai Surat Perjanjian No.  5TAN/SPJ/X/2024 tgl. 14 Oktober 2024,14.109.691.518,KEUANGAN,19/03/2025,25/03/2025,,14.109.691.518,14.109.691.518,0,4300063450,"5201340634, 5201363646",0,0,,,,14.109.691.518,,,,,,,,,,,,,14.109.691.518,13/06/2025,14.109.691.518,0,,,,0,0,0,0,0,0,14.109.691.518,  - ,  - ,  - ,  - ,  - ,  - ,  - ,  - ,  - ,  - ,  - ,  - ,  - ,  - ,  - ,  14.109.691.518 ,  - ,  - ,  - ,  - ,  - ,  14.109.691.518 ,  - ,  - ,  - ,  - ,  - ,  - ,  14.109.691.518 ,  14.109.691.518 ,  - 
,2180_2025,21 Mar 2025,5TAN/SPP/305/III/2025,,PT Weha Agro Sejahtera,5TAN/SPJ/45/VII/2024,16 Sep 2024,,26/BA/RB/2024,2 Des 2025,,"Permintaan pembayaran atas Pekerjaan Pengadaan Pupuk Tunggal Kebun Rimba Belian, Pandawa, Danau Salak, Pelaihari, dan Tajati sesuai Surat Perjanjian No. 5TAN/SPJ/45/VII/2024 tgl. 16 September 2024",4.442.995.005,KEUANGAN,27/03/2025,31/10/2025,,4.442.995.005,4.442.995.005,0,4300063312,5201273572,0,0,,,,4.442.995.005,,,,,,,,,,,,,4.442.995.005,04/11/2025,4.442.995.005,0,,,,0,0,0,0,0,0,4.442.995.005,  - ,  - ,  - ,  - ,  - ,  - ,  - ,  - ,  - ,  - ,  - ,  - ,  - ,  - ,  - ,  4.442.995.005 ,  - ,  - ,  - ,  - ,  - ,  - ,  - ,  - ,  - ,  - ,  4.442.995.005 ,  - ,  4.442.995.005 ,  4.442.995.005 ,  - 
,2533_2025,11 Apr 2025,5TAN/SPP/316/IV/2025,,PT Weha Agro Sejahtera,5TAN/SPJ/45/VII/2024,16 Sep 2024,28 November 2024,003/WAS-PTPN.XIII/   /2024,28 Nov 2024,,"Permintaan pembayaran atas Pekerjaan Pengadaan Pupuk Tunggal Kebun Ngabang, Gunung Meliau, Parindu, dan Gunung Emas sesuai Surat Perjanjian No. 5TAN/SPJ/45/VII/2024 tgl. 16 September 2024",3.835.219.716,KEUANGAN,21/04/2025,21/05/2025,,3.835.219.716,3.835.219.716,0,4300063312,5201402073,0,0,,,,3.835.219.716,,,,,,,,,,,,,3.835.219.716,13/06/2025,3.835.219.716,0,,,,0,0,0,0,0,0,3.835.219.716,  - ,  - ,  - ,  - ,  - ,  - ,  - ,  - ,  - ,  - ,  - ,  - ,  - ,  - ,  - ,  3.835.219.716 ,  - ,  - ,  - ,  - ,  - ,  3.835.219.716 ,  - ,  - ,  - ,  - ,  - ,  - ,  3.835.219.716 ,  3.835.219.716 ,  - 
,4585_2025,1 Jul 2025,5TAN/SPP/624/VII/2025,,CV Nusa Pratama Anugrah,5TAN/SPJ/03/I/2025,10 Jan 2025,11 Maret 2025,KTJ/BAPBM/05/III/2025,4 Mar 2025,,Permintaan pembayaran pengadaan Pupuk Rock Phosphate (RP) 28% P205 untuk Wilayah Kalimantan Timur bulan Maret 2025 sesuai Surat Perjanjian No. 5TAN/SPJ/03/I/2025 tgl. 10 Januari 2025,300.937.650,KEUANGAN,08/07/2025,11/07/2025,,300.937.650,300.937.650,0,4300067668,"5201458763,5201424206,5201383065,5201372391",0,0,,,,300.937.650,,,,,,,,,,,,,300.937.650,21/08/2025,300.937.650,0,,,,0,0,0,0,0,0,300.937.650,  - ,  - ,  - ,  - ,  - ,  - ,  - ,  - ,  - ,  - ,  - ,  - ,  - ,  - ,  - ,  300.937.650 ,  - ,  - ,  - ,  - ,  - ,  - ,  - ,  300.937.650 ,  - ,  - ,  - ,  - ,  300.937.650 ,  300.937.650 ,  - 
,4634_2025,3 Jul 2025,5TAN/SPP/630/VII/2025,,PT Dupan Anugerah Lestari, 05/SPJ/X/2024,14 Okt 2025,12 Januari 2025,I/2410040,18 Mar 2025,,"Permintaan pembayaran atas Pengadaan Bersama Pupuk Majemuk Pupuk NPK 13.6.27.4+0TE untuk Kebun Tajati, Pandawa, Danau Salak, Pelaihari, Ngabang, Kembayan, Gunung Emas, dan Parindu sesuai Surat Perjanjian No. 05/SPJ/X/2024 tgl. 14 Oktober 2024",31.560.205.750,KEUANGAN,09/07/2025,27/08/2025,,31.560.205.750,31.560.205.750,0,4300063450,"5201320564, 5201482998, 5201482990, 5201402144, 5201364766, 5201330514, 5201482960, 5201426931",0,0,,,,31.560.205.750,31.560.205.750,15/10/2025,,,,,,,,,,,,,31.560.205.750,0,,,,0,0,0,0,0,0,31.560.205.750,  - ,  - ,  - ,  - ,  - ,  - ,  - ,  - ,  - ,  - ,  - ,  - ,  - ,  - ,  - ,  31.560.205.750 ,  - ,  - ,  - ,  - ,  - ,  - ,  - ,  - ,  - ,  31.560.205.750 ,  - ,  - ,  31.560.205.750 ,  31.560.205.750 ,  - 
,8201_2025,27 Okt 2025,5TAN/SPP/1161/X/2025,,PT Galatta Lestarindo,5TAN/SPJ/02/I/2025,14 Jan 2025,14 Maret 2025,ada BA namun tak ada Nomor nya,,,Permintaan pembayaran atas Pekerjaan Pengadaan Pupuk Tunggal 2025 sesuai Surat Perjanjian No. 5TAN/SPJ/02/I/2025 tgl. 14 Januari 2025,3.438.592.557,KEUANGAN,04/11/2025,24/11/2025,,3.438.592.557,0,3.438.592.557,4300067653,5201424323,3.438.592.557,0,,,,3.438.592.557,,,,,,,,,,,,,,,0,3.438.592.557,,,,37,< 3 Bln,323,> 9 Bln,45994,> 1 Thn,3.438.592.557,  - ,  - ,  - ,  - ,  - ,  - ,  - ,  - ,  - ,  - ,  - ,  - ,  - ,  - ,  - ,  - ,  - ,  - ,  - ,  - ,  - ,  - ,  - ,  - ,  - ,  - ,  - ,  - ,  - ,  - ,  - 
,8202_2025,27 Okt 2025,5TAN/SPP/1162/X/2025,,PT Galatta Lestarindo,5TAN/SPJ/02/I/2025,14 Jan 2025,14 Maret 2025,ada BA namun tak ada Nomor nya,,,Permintaan pembayaran atas Pekerjaan Pengadaan Pupuk Tunggal 2025 sesuai Surat Perjanjian No. 5TAN/SPJ/02/I/2025 tgl. 14 Januari 2025,1.647.819.732,KEUANGAN,04/11/2025,24/11/2025,,1.647.819.732,0,1.647.819.732,4300067652,5201385389,1.647.819.732,0,,,,1.647.819.732,,,,,,,,,,,,,,,0,1.647.819.732,,,,37,< 3 Bln,323,> 9 Bln,45994,> 1 Thn,1.647.819.732,  - ,  - ,  - ,  - ,  - ,  - ,  - ,  - ,  - ,  - ,  - ,  - ,  - ,  - ,  - ,  - ,  - ,  - ,  - ,  - ,  - ,  - ,  - ,  - ,  - ,  - ,  - ,  - ,  - ,  - ,  - 
,8585_2025,14 Nov 2025,5TAN/SPP/1234/XI/2025,,PT Dupan Anugerah Lestari,05/SPJ/X/2024,14 Okt 2024,12 Januari 2025,I/2410039,7 Jul 2025,,Permintaan pembayaran Pupuk NPK 13.6.27.4+0TE Kebun Sungai Dekan sesuai Surat Perjanjian No. 05/SPJ/X/2024,14.905.556.967,KEUANGAN,18/11/2025,,dibalikin karna mau ditambah potongan denda,0,0,14.905.556.967,4300063450,,0,14.905.556.967,,,,14.905.556.967,,,,,,,,,,,,,,,0,14.905.556.967,,,,19,< 3 Bln,415,> 1 Thn,149,> 3 Bln,14.905.556.967,  - ,  - ,  - ,  - ,  - ,  - ,  - ,  - ,  - ,  - ,  - ,  - ,  - ,  - ,  - ,  - ,  - ,  - ,  - ,  - ,  - ,  - ,  - ,  - ,  - ,  - ,  - ,  - ,  - ,  - ,  - 
,8562_2025,14 Nov 2025,5TAN/SPP/1230/XI/2025,,PT Weha Agro Sejahtera,5TAN/SPJ/57/X/2025,21 Okt 2024,90 hari,BAPBM/01/I/2025,17 Jan 2025,,"Permintaan pembayaran Pupuk NPK 12.12.17 2+1TE Kebun Ngabang, Pandawa, Parindu, Gunung Emas sesuai Surat Perjanjian No. 5TAN/SPJ/57/X/2025 tgl. 21 Oktober 2025",5.133.838.756,KEUANGAN,17/11/2025,,"dokumen BAPM masih ada yang belum di ttd vendor, dan selisih MI R7 .kontrak sdh melebihi jangka waktu",0,0,5.133.838.756,4300064938,,0,5.133.838.756,,,,5.133.838.756,,,,,,,,,,,,,,,0,5.133.838.756,,,,19,< 3 Bln,408,> 1 Thn,320,> 9 Bln,5.133.838.756,  - ,  - ,  - ,  - ,  - ,  - ,  - ,  - ,  - ,  - ,  - ,  - ,  - ,  - ,  - ,  - ,  - ,  - ,  - ,  - ,  - ,  - ,  - ,  - ,  - ,  - ,  - ,  - ,  - ,  - ,  - 
,8559_2025,14 Nov 2025,5TAN/SPP/1233/XI/2025,,CV Nusa Pratama Anugrah,5TAN/SPJ/44/IV/2025 ,23 Apr 2025,22 Juni 2025,001/BAPBM/Pelai-Kandir/VII/2025,3 Jul 2025,,Permintaan pembayaran Pupuk Urea Kebun Pelaihari Sungai Dekan sesuai Surat Perjanjian No. 5TAN/SPJ/44/IV/2025 tgl. 23 April 2025,2.407.931.658,KEUANGAN,17/11/2025,,"belum dilampirkan hasil analisa, sudah dilampirkan",0,0,2.407.931.658,4300068265,,0,2.407.931.658,,,,2.407.931.658,,,,,,,,,,,,,,,0,2.407.931.658,,,,19,< 3 Bln,224,> 6 Bln,153,> 3 Bln,2.407.931.658,  - ,  - ,  - ,  - ,  - ,  - ,  - ,  - ,  - ,  - ,  - ,  - ,  - ,  - ,  - ,  - ,  - ,  - ,  - ,  - ,  - ,  - ,  - ,  - ,  - ,  - ,  - ,  - ,  - ,  - ,  - 
,8560_2025,14 Nov 2025,5TAN/SPP/1232/XI/2025,,PT Weha Agro Sejahtera,13.01/SPJ/12/XI/2023,20 Nov 2023,90 hari kelender,5KTB/PBM/0050/XII/2025,19 Des 2024,,"Permintaan pembayaran Pupuk NPK 12 12 17 2+1TE Kebun Tabara,Tajati, Danau Salak, Longkali sesuai Surat Perjanjian No. 13.01/SPJ/12/XI/2023 tgl. 22 November 2023",18.139.769.844,KEUANGAN,17/11/2025,,"Tabar : SPB, BAST belum ada
Tajat : BAST, dok PO belum ada
Dasal :  dok PO belum ada
Lokal : BAST, dok PO, MIR 7, dok GR  belum ada, BAPBM, AU53 masih COPY 
Kontrak tgl 22-11-2023 jangka waktu 90 hari = 21 Februari 2024
BA tanggal 04 Desember 2025 ",0,0,18.139.769.844,4100261316,,0,18.139.769.844,,,,18.139.769.844,,,,,,,,,,,,,,,0,18.139.769.844,,,,19,< 3 Bln,744,> 1 Thn,349,> 9 Bln,18.139.769.844,  - ,  - ,  - ,  - ,  - ,  - ,  - ,  - ,  - ,  - ,  - ,  - ,  - ,  - ,  - ,  - ,  - ,  - ,  - ,  - ,  - ,  - ,  - ,  - ,  - ,  - ,  - ,  - ,  - ,  - ,  - 
,8651_2025,18 Nov 2025,5TAN/SPP/1249/XI/2025,,PT Dupan Anugerah Lestari,5TAN/SPJ/01/XII/2023 ,4 Des 2023,90 hari Kelender,I/2311039,18 Jul 2024,,"Permintaan pembayaran Pupuk 13.6.27.4+0TE Kebun Sungai Dekan, Gunung Meliau, Pelaihari sesuai Surat Perjanjian No. 5TAN/SPJ/01/XII/2023 tgl. 04 Desember 2023",23.981.331.508,KEUANGAN,19/11/2025,,dokumen belum lengkap,0,0,23.981.331.508,4100255699,,0,23.981.331.508,,,,23.981.331.508,,,,,,,,,,,,,,,0,23.981.331.508,,,,15,< 3 Bln,730,> 1 Thn,503,> 1 Thn,23.981.331.508,  - ,  - ,  - ,  - ,  - ,  - ,  - ,  - ,  - ,  - ,  - ,  - ,  - ,  - ,  - ,  - ,  - ,  - ,  - ,  - ,  - ,  - ,  - ,  - ,  - ,  - ,  - ,  - ,  - ,  - ,  - 
,8932_2025,26 Nov 2025,5TAN/SPP/1303/XI/2025,,CV Berkah Merapi Abadi,5TAN/SPK/04/5UKBKTKS/X/2025,31 Okt 2025,30 November 2025,5KNG/BA/03/BMA/X/2025,31 Okt 2025,,"Permintaan pembayaran Bahan Kimia dan Pupuk Buatan Herbicide Fluroxypyr Kebun Ngabang, Kembayan, Pamukan, Tajati sesuai Surat Perintah Kerja No. 5TAN/SPK/04/5UKBKTKS/X/2025 tgl. 31 Oktober 2025",173.905.281,KEUANGAN,27/11/2025,,"selisih di FP dan Mir 7, sudah diperabiki",0,0,173.905.281,4300079009,5201549877,0,173.905.281,,,,173.905.281,,,,,,,,,,,,,,,0,173.905.281,,,,7,< 3 Bln,33,< 3 Bln,33,< 3 Bln,173.905.281,  - ,  - ,  - ,  - ,  - ,  - ,  - ,  - ,  - ,  - ,  - ,  - ,  - ,  - ,  - ,  - ,  - ,  - ,  - ,  - ,  - ,  - ,  - ,  - ,  - ,  - ,  - ,  - ,  - ,  - ,  - 
,8913_2025,25 Nov 2025,5TAN/SPP/1300/XI/2025,,PT Nusa Pratama Anugrah,5TAN/SPJ/45/IV/2025,23 Apr 2025,22 Juni 2025,ada BA nya Namun Tidak ada No BA nya,4 Jul 2025,,"Permintaan pembayaran Pupuk Urea-Industri Kebun Gunmas, Kembayan, Ngabang, Gunme, Dasal, Tabara, Parindu, Rimba Belian, Sungai Dekan, Tajati sesuai Surat Perjanjian No. 5TAN/SPJ/45/IV/2025 tgl. 23 April 2025",8.300.049.087,KEUANGAN,26/11/2025,,"MIR 7 selisih kebun Ngaba, Parin, Tabar. ",0,0,8.300.049.087,4300068267,,0,8.300.049.087,,,,8.300.049.087,,,,,,,,,,,,,,,0,8.300.049.087,,,,8,< 3 Bln,224,> 6 Bln,152,> 3 Bln,8.300.049.087,  - ,  - ,  - ,  - ,  - ,  - ,  - ,  - ,  - ,  - ,  - ,  - ,  - ,  - ,  - ,  - ,  - ,  - ,  - ,  - ,  - ,  - ,  - ,  - ,  - ,  - ,  - ,  - ,  - ,  - ,  - 
,,,,,,,,,,,,,,TANAMAN,,,,0,0,0,,,0,0,,,,0,,,,,,,,,,,,,,,0,0,,,,0,0,0,0,0,0,0,  - ,  - ,  - ,  - ,  - ,  - ,  - ,  - ,  - ,  - ,  - ,  - ,  - ,  - ,  - ,  - ,  - ,  - ,  - ,  - ,  - ,  - ,  - ,  - ,  - ,  - ,  - ,  - ,  - ,  - ,  - 
,,,,,,,,,,,,,,TANAMAN,,,,0,0,0,,,0,0,,,,0,,,,,,,,,,,,,,,0,0,,,,0,0,0,0,0,0,0,  - ,  - ,  - ,  - ,  - ,  - ,  - ,  - ,  - ,  - ,  - ,  - ,  - ,  - ,  - ,  - ,  - ,  - ,  - ,  - ,  - ,  - ,  - ,  - ,  - ,  - ,  - ,  - ,  - ,  - ,  - 
,,,,,,,,,,,,,,TANAMAN,,,,0,0,0,,,0,0,,,,0,,,,,,,,,,,,,,,0,0,,,,0,0,0,0,0,0,0,  - ,  - ,  - ,  - ,  - ,  - ,  - ,  - ,  - ,  - ,  - ,  - ,  - ,  - ,  - ,  - ,  - ,  - ,  - ,  - ,  - ,  - ,  - ,  - ,  - ,  - ,  - ,  - ,  - ,  - ,  - 
,,,,,,,,,,,,,,TANAMAN,,,,0,0,0,,,0,0,,,,0,,,,,,,,,,,,,,,0,0,,,,0,0,0,0,0,0,0,  - ,  - ,  - ,  - ,  - ,  - ,  - ,  - ,  - ,  - ,  - ,  - ,  - ,  - ,  - ,  - ,  - ,  - ,  - ,  - ,  - ,  - ,  - ,  - ,  - ,  - ,  - ,  - ,  - ,  - ,  - 
,,,,,,,,,,,,,,TANAMAN,,,,0,0,0,,,0,0,,,,0,,,,,,,,,,,,,,,0,0,,,,0,0,0,0,0,0,0,  - ,  - ,  - ,  - ,  - ,  - ,  - ,  - ,  - ,  - ,  - ,  - ,  - ,  - ,  - ,  - ,  - ,  - ,  - ,  - ,  - ,  - ,  - ,  - ,  - ,  - ,  - ,  - ,  - ,  - ,  - 
,,,,,,,,,,,,,,TANAMAN,,,,0,0,0,,,0,0,,,,0,,,,,,,,,,,,,,,0,0,,,,0,0,0,0,0,0,0,  - ,  - ,  - ,  - ,  - ,  - ,  - ,  - ,  - ,  - ,  - ,  - ,  - ,  - ,  - ,  - ,  - ,  - ,  - ,  - ,  - ,  - ,  - ,  - ,  - ,  - ,  - ,  - ,  - ,  - ,  - 
,,,,,,,,,,,,,,TANAMAN,,,,0,0,0,,,0,0,,,,0,,,,,,,,,,,,,,,0,0,,,,0,0,0,0,0,0,0,  - ,  - ,  - ,  - ,  - ,  - ,  - ,  - ,  - ,  - ,  - ,  - ,  - ,  - ,  - ,  - ,  - ,  - ,  - ,  - ,  - ,  - ,  - ,  - ,  - ,  - ,  - ,  - ,  - ,  - ,  - 
,,,,,,,,,,,,,,,,,,,,,,,,0,,,,,,,,,,,,,,,,,,,,,,,,0,0,,,,,  - ,  - ,  - ,  - ,  - ,  - ,  - ,  - ,  - ,  - ,  - ,  - ,  - ,  - ,  - ,  - ,  - ,  - ,  - ,  - ,  - ,  - ,  - ,  - ,  - ,  - ,  - ,  - ,  - ,  - ,  - ,  - 
,,,,,,,,,,,,,,,,,,,,,,,,0,,,,,,,,,,,,,,,,,,,,,,,,0,0,,,,,  - ,  - ,  - ,  - ,  - ,  - ,  - ,  - ,  - ,  - ,  - ,  - ,  - ,  - ,  - ,  - ,  - ,  - ,  - ,  - ,  - ,  - ,  - ,  - ,  - ,  - ,  - ,  - ,  - ,  - ,  - ,  - 
,,,,,,,,,,,,,,,,,,,,,,,,0,,,,,,,,,,,,,,,,,,,,,,,,0,0,,,,,  - ,  - ,  - ,  - ,  - ,  - ,  - ,  - ,  - ,  - ,  - ,  - ,  - ,  - ,  - ,  - ,  - ,  - ,  - ,  - ,  - ,  - ,  - ,  - ,  - ,  - ,  - ,  - ,  - ,  - ,  - ,  - 
,,,,,,,,,,,,,,,,,,,,,,,,0,,,,,,,,,,,,,,,,,,,,,,,,0,0,,,,,  - ,  - ,  - ,  - ,  - ,  - ,  - ,  - ,  - ,  - ,  - ,  - ,  - ,  - ,  - ,  - ,  - ,  - ,  - ,  - ,  - ,  - ,  - ,  - ,  - ,  - ,  - ,  - ,  - ,  - ,  - ,  - 
,,,,,,,,,,,,,,,,,,,,,,,,0,,,,,,,,,,,,,,,,,,,,,,,,0,0,,,,,  - ,  - ,  - ,  - ,  - ,  - ,  - ,  - ,  - ,  - ,  - ,  - ,  - ,  - ,  - ,  - ,  - ,  - ,  - ,  - ,  - ,  - ,  - ,  - ,  - ,  - ,  - ,  - ,  - ,  - ,  - ,  - 
,,,,,,,,,,,,,,,,,,,,,,,,0,,,,,,,,,,,,,,,,,,,,,,,,0,0,,,,,  - ,  - ,  - ,  - ,  - ,  - ,  - ,  - ,  - ,  - ,  - ,  - ,  - ,  - ,  - ,  - ,  - ,  - ,  - ,  - ,  - ,  - ,  - ,  - ,  - ,  - ,  - ,  - ,  - ,  - ,  - ,  - 
,,,,,,,,,,,,,,,,,,,,,,,,0,,,,,,,,,,,,,,,,,,,,,,,,0,0,,,,,  - ,  - ,  - ,  - ,  - ,  - ,  - ,  - ,  - ,  - ,  - ,  - ,  - ,  - ,  - ,  - ,  - ,  - ,  - ,  - ,  - ,  - ,  - ,  - ,  - ,  - ,  - ,  - ,  - ,  - ,  - ,  - 
,,,,,,,,,,,,,,,,,,,,,,,,0,,,,,,,,,,,,,,,,,,,,,,,,0,0,,,,,  - ,  - ,  - ,  - ,  - ,  - ,  - ,  - ,  - ,  - ,  - ,  - ,  - ,  - ,  - ,  - ,  - ,  - ,  - ,  - ,  - ,  - ,  - ,  - ,  - ,  - ,  - ,  - ,  - ,  - ,  - ,  - 
,,,,,,,,,,,,,,,,,,,,,,,,0,,,,,,,,,,,,,,,,,,,,,,,,0,0,,,,,  - ,  - ,  - ,  - ,  - ,  - ,  - ,  - ,  - ,  - ,  - ,  - ,  - ,  - ,  - ,  - ,  - ,  - ,  - ,  - ,  - ,  - ,  - ,  - ,  - ,  - ,  - ,  - ,  - ,  - ,  - ,  - 
,,,,,,,,,,,,,,,,,,,,,,,,0,,,,,,,,,,,,,,,,,,,,,,,,0,0,,,,,  - ,  - ,  - ,  - ,  - ,  - ,  - ,  - ,  - ,  - ,  - ,  - ,  - ,  - ,  - ,  - ,  - ,  - ,  - ,  - ,  - ,  - ,  - ,  - ,  - ,  - ,  - ,  - ,  - ,  - ,  - ,  - 
,,,,,,,,,,,,,,,,,,,,,,,,0,,,,,,,,,,,,,,,,,,,,,,,,0,0,,,,,  - ,  - ,  - ,  - ,  - ,  - ,  - ,  - ,  - ,  - ,  - ,  - ,  - ,  - ,  - ,  - ,  - ,  - ,  - ,  - ,  - ,  - ,  - ,  - ,  - ,  - ,  - ,  - ,  - ,  - ,  - ,  - 
,,,,,,,,,,,,,,,,,,,,,,,,0,,,,,,,,,,,,,,,,,,,,,,,,0,0,,,,,  - ,  - ,  - ,  - ,  - ,  - ,  - ,  - ,  - ,  - ,  - ,  - ,  - ,  - ,  - ,  - ,  - ,  - ,  - ,  - ,  - ,  - ,  - ,  - ,  - ,  - ,  - ,  - ,  - ,  - ,  - ,  - 
,,,,,,,,,,,,,,,,,,,,,,,,0,,,,,,,,,,,,,,,,,,,,,,,,0,0,,,,,  - ,  - ,  - ,  - ,  - ,  - ,  - ,  - ,  - ,  - ,  - ,  - ,  - ,  - ,  - ,  - ,  - ,  - ,  - ,  - ,  - ,  - ,  - ,  - ,  - ,  - ,  - ,  - ,  - ,  - ,  - ,  - 
,,,,,,,,,,,,,,,,,,,,,,,,0,,,,,,,,,,,,,,,,,,,,,,,,0,0,,,,,  - ,  - ,  - ,  - ,  - ,  - ,  - ,  - ,  - ,  - ,  - ,  - ,  - ,  - ,  - ,  - ,  - ,  - ,  - ,  - ,  - ,  - ,  - ,  - ,  - ,  - ,  - ,  - ,  - ,  - ,  - ,  - 
,,,,,,,,,,,,,,,,,,,,,,,,0,,,,,,,,,,,,,,,,,,,,,,,,0,0,,,,,  - ,  - ,  - ,  - ,  - ,  - ,  - ,  - ,  - ,  - ,  - ,  - ,  - ,  - ,  - ,  - ,  - ,  - ,  - ,  - ,  - ,  - ,  - ,  - ,  - ,  - ,  - ,  - ,  - ,  - ,  - ,  - 
,,,,,,,,,,,,,,,,,,,,,,,,0,,,,,,,,,,,,,,,,,,,,,,,,0,0,,,,,  - ,  - ,  - ,  - ,  - ,  - ,  - ,  - ,  - ,  - ,  - ,  - ,  - ,  - ,  - ,  - ,  - ,  - ,  - ,  - ,  - ,  - ,  - ,  - ,  - ,  - ,  - ,  - ,  - ,  - ,  - ,  - 
,,,,,,,,,,,,,,,,,,,,,,,,0,,,,,,,,,,,,,,,,,,,,,,,,0,0,,,,,  - ,  - ,  - ,  - ,  - ,  - ,  - ,  - ,  - ,  - ,  - ,  - ,  - ,  - ,  - ,  - ,  - ,  - ,  - ,  - ,  - ,  - ,  - ,  - ,  - ,  - ,  - ,  - ,  - ,  - ,  - ,  - 
,,,,,,,,,,,,,,,,,,,,,,,,0,,,,,,,,,,,,,,,,,,,,,,,,0,0,,,,,  - ,  - ,  - ,  - ,  - ,  - ,  - ,  - ,  - ,  - ,  - ,  - ,  - ,  - ,  - ,  - ,  - ,  - ,  - ,  - ,  - ,  - ,  - ,  - ,  - ,  - ,  - ,  - ,  - ,  - ,  - ,  - 
,,,,,,,,,,,,,,,,,,,,,,,,0,,,,,,,,,,,,,,,,,,,,,,,,0,0,,,,,  - ,  - ,  - ,  - ,  - ,  - ,  - ,  - ,  - ,  - ,  - ,  - ,  - ,  - ,  - ,  - ,  - ,  - ,  - ,  - ,  - ,  - ,  - ,  - ,  - ,  - ,  - ,  - ,  - ,  - ,  - ,  - 
,,,,,,,,,,,,,,,,,,,,,,,,0,,,,,,,,,,,,,,,,,,,,,,,,0,0,,,,,  - ,  - ,  - ,  - ,  - ,  - ,  - ,  - ,  - ,  - ,  - ,  - ,  - ,  - ,  - ,  - ,  - ,  - ,  - ,  - ,  - ,  - ,  - ,  - ,  - ,  - ,  - ,  - ,  - ,  - ,  - ,  - 
,,,,,,,,,,,,,,,,,,,,,,,,0,,,,,,,,,,,,,,,,,,,,,,,,0,0,,,,,  - ,  - ,  - ,  - ,  - ,  - ,  - ,  - ,  - ,  - ,  - ,  - ,  - ,  - ,  - ,  - ,  - ,  - ,  - ,  - ,  - ,  - ,  - ,  - ,  - ,  - ,  - ,  - ,  - ,  - ,  - ,  - 
,,,,,,,,,,,,,,,,,,,,,,,,0,,,,,,,,,,,,,,,,,,,,,,,,0,0,,,,,  - ,  - ,  - ,  - ,  - ,  - ,  - ,  - ,  - ,  - ,  - ,  - ,  - ,  - ,  - ,  - ,  - ,  - ,  - ,  - ,  - ,  - ,  - ,  - ,  - ,  - ,  - ,  - ,  - ,  - ,  - ,  - 
,,,,,,,,,,,,,,,,,,,,,,,,0,,,,,,,,,,,,,,,,,,,,,,,,0,0,,,,,  - ,  - ,  - ,  - ,  - ,  - ,  - ,  - ,  - ,  - ,  - ,  - ,  - ,  - ,  - ,  - ,  - ,  - ,  - ,  - ,  - ,  - ,  - ,  - ,  - ,  - ,  - ,  - ,  - ,  - ,  - ,  - 
,,,,,,,,,,,,,,,,,,,,,,,,0,,,,,,,,,,,,,,,,,,,,,,,,0,0,,,,,  - ,  - ,  - ,  - ,  - ,  - ,  - ,  - ,  - ,  - ,  - ,  - ,  - ,  - ,  - ,  - ,  - ,  - ,  - ,  - ,  - ,  - ,  - ,  - ,  - ,  - ,  - ,  - ,  - ,  - ,  - ,  - 
,,,,,,,,,,,,,,,,,,,,,,,,0,,,,,,,,,,,,,,,,,,,,,,,,0,0,,,,,  - ,  - ,  - ,  - ,  - ,  - ,  - ,  - ,  - ,  - ,  - ,  - ,  - ,  - ,  - ,  - ,  - ,  - ,  - ,  - ,  - ,  - ,  - ,  - ,  - ,  - ,  - ,  - ,  - ,  - ,  - ,  - 
,,,,,,,,,,,,,,,,,,,,,,,,0,,,,,,,,,,,,,,,,,,,,,,,,0,0,,,,,  - ,  - ,  - ,  - ,  - ,  - ,  - ,  - ,  - ,  - ,  - ,  - ,  - ,  - ,  - ,  - ,  - ,  - ,  - ,  - ,  - ,  - ,  - ,  - ,  - ,  - ,  - ,  - ,  - ,  - ,  - ,  - 
,,,,,,,,,,,,,,,,,,,,,,,,0,,,,,,,,,,,,,,,,,,,,,,,,0,0,,,,,  - ,  - ,  - ,  - ,  - ,  - ,  - ,  - ,  - ,  - ,  - ,  - ,  - ,  - ,  - ,  - ,  - ,  - ,  - ,  - ,  - ,  - ,  - ,  - ,  - ,  - ,  - ,  - ,  - ,  - ,  - ,  - 
,,,,,,,,,,,,,,,,,,,,,,,,0,,,,,,,,,,,,,,,,,,,,,,,,0,0,,,,,  - ,  - ,  - ,  - ,  - ,  - ,  - ,  - ,  - ,  - ,  - ,  - ,  - ,  - ,  - ,  - ,  - ,  - ,  - ,  - ,  - ,  - ,  - ,  - ,  - ,  - ,  - ,  - ,  - ,  - ,  - ,  - 
,,,,,,,,,,,,,,,,,,,,,,,,0,,,,,,,,,,,,,,,,,,,,,,,,0,0,,,,,  - ,  - ,  - ,  - ,  - ,  - ,  - ,  - ,  - ,  - ,  - ,  - ,  - ,  - ,  - ,  - ,  - ,  - ,  - ,  - ,  - ,  - ,  - ,  - ,  - ,  - ,  - ,  - ,  - ,  - ,  - ,  - 
,,,,,,,,,,,,,,,,,,,,,,,,0,,,,,,,,,,,,,,,,,,,,,,,,0,0,,,,,  - ,  - ,  - ,  - ,  - ,  - ,  - ,  - ,  - ,  - ,  - ,  - ,  - ,  - ,  - ,  - ,  - ,  - ,  - ,  - ,  - ,  - ,  - ,  - ,  - ,  - ,  - ,  - ,  - ,  - ,  - ,  - 
,,,,,,,,,,,,,,,,,,,,,,,,0,,,,,,,,,,,,,,,,,,,,,,,,0,0,,,,,  - ,  - ,  - ,  - ,  - ,  - ,  - ,  - ,  - ,  - ,  - ,  - ,  - ,  - ,  - ,  - ,  - ,  - ,  - ,  - ,  - ,  - ,  - ,  - ,  - ,  - ,  - ,  - ,  - ,  - ,  - ,  - 
,,,,,,,,,,,,,,,,,,,,,,,,0,,,,,,,,,,,,,,,,,,,,,,,,0,0,,,,,  - ,  - ,  - ,  - ,  - ,  - ,  - ,  - ,  - ,  - ,  - ,  - ,  - ,  - ,  - ,  - ,  - ,  - ,  - ,  - ,  - ,  - ,  - ,  - ,  - ,  - ,  - ,  - ,  - ,  - ,  - ,  - 
,,,,,,,,,,,,,,,,,,,,,,,,0,,,,,,,,,,,,,,,,,,,,,,,,0,0,,,,,  - ,  - ,  - ,  - ,  - ,  - ,  - ,  - ,  - ,  - ,  - ,  - ,  - ,  - ,  - ,  - ,  - ,  - ,  - ,  - ,  - ,  - ,  - ,  - ,  - ,  - ,  - ,  - ,  - ,  - ,  - ,  - 
,,,,,,,,,,,,,,,,,,,,,,,,0,,,,,,,,,,,,,,,,,,,,,,,,0,0,,,,,  - ,  - ,  - ,  - ,  - ,  - ,  - ,  - ,  - ,  - ,  - ,  - ,  - ,  - ,  - ,  - ,  - ,  - ,  - ,  - ,  - ,  - ,  - ,  - ,  - ,  - ,  - ,  - ,  - ,  - ,  - ,  - 
,,,,,,,,,,,,,,,,,,,,,,,,0,,,,,,,,,,,,,,,,,,,,,,,,0,0,,,,,  - ,  - ,  - ,  - ,  - ,  - ,  - ,  - ,  - ,  - ,  - ,  - ,  - ,  - ,  - ,  - ,  - ,  - ,  - ,  - ,  - ,  - ,  - ,  - ,  - ,  - ,  - ,  - ,  - ,  - ,  - ,  - 
,,,,,,,,,,,,,,,,,,,,,,,,0,,,,,,,,,,,,,,,,,,,,,,,,0,0,,,,,  - ,  - ,  - ,  - ,  - ,  - ,  - ,  - ,  - ,  - ,  - ,  - ,  - ,  - ,  - ,  - ,  - ,  - ,  - ,  - ,  - ,  - ,  - ,  - ,  - ,  - ,  - ,  - ,  - ,  - ,  - ,  - 
,,,,,,,,,,,,,,,,,,,,,,,,0,,,,,,,,,,,,,,,,,,,,,,,,0,0,,,,,  - ,  - ,  - ,  - ,  - ,  - ,  - ,  - ,  - ,  - ,  - ,  - ,  - ,  - ,  - ,  - ,  - ,  - ,  - ,  - ,  - ,  - ,  - ,  - ,  - ,  - ,  - ,  - ,  - ,  - ,  - ,  - 
,,,,,,,,,,,,,,,,,,,,,,,,0,,,,,,,,,,,,,,,,,,,,,,,,0,0,,,,,  - ,  - ,  - ,  - ,  - ,  - ,  - ,  - ,  - ,  - ,  - ,  - ,  - ,  - ,  - ,  - ,  - ,  - ,  - ,  - ,  - ,  - ,  - ,  - ,  - ,  - ,  - ,  - ,  - ,  - ,  - ,  - 
,,,,,,,,,,,,,,,,,,,,,,,,0,,,,,,,,,,,,,,,,,,,,,,,,0,0,,,,,  - ,  - ,  - ,  - ,  - ,  - ,  - ,  - ,  - ,  - ,  - ,  - ,  - ,  - ,  - ,  - ,  - ,  - ,  - ,  - ,  - ,  - ,  - ,  - ,  - ,  - ,  - ,  - ,  - ,  - ,  - ,  - 
,,,,,,,,,,,,,,,,,,,,,,,,0,,,,,,,,,,,,,,,,,,,,,,,,0,0,,,,,  - ,  - ,  - ,  - ,  - ,  - ,  - ,  - ,  - ,  - ,  - ,  - ,  - ,  - ,  - ,  - ,  - ,  - ,  - ,  - ,  - ,  - ,  - ,  - ,  - ,  - ,  - ,  - ,  - ,  - ,  - ,  - 
,,,,,,,,,,,,,,,,,,,,,,,,0,,,,,,,,,,,,,,,,,,,,,,,,0,0,,,,,  - ,  - ,  - ,  - ,  - ,  - ,  - ,  - ,  - ,  - ,  - ,  - ,  - ,  - ,  - ,  - ,  - ,  - ,  - ,  - ,  - ,  - ,  - ,  - ,  - ,  - ,  - ,  - ,  - ,  - ,  - ,  - 
,,,,,,,,,,,,,,,,,,,,,,,,0,,,,,,,,,,,,,,,,,,,,,,,,0,0,,,,,  - ,  - ,  - ,  - ,  - ,  - ,  - ,  - ,  - ,  - ,  - ,  - ,  - ,  - ,  - ,  - ,  - ,  - ,  - ,  - ,  - ,  - ,  - ,  - ,  - ,  - ,  - ,  - ,  - ,  - ,  - ,  - 
,,,,,,,,,,,,,,,,,,,,,,,,0,,,,,,,,,,,,,,,,,,,,,,,,0,0,,,,,  - ,  - ,  - ,  - ,  - ,  - ,  - ,  - ,  - ,  - ,  - ,  - ,  - ,  - ,  - ,  - ,  - ,  - ,  - ,  - ,  - ,  - ,  - ,  - ,  - ,  - ,  - ,  - ,  - ,  - ,  - ,  - 
,,,,,,,,,,,,,,,,,,,,,,,,0,,,,,,,,,,,,,,,,,,,,,,,,0,0,,,,,  - ,  - ,  - ,  - ,  - ,  - ,  - ,  - ,  - ,  - ,  - ,  - ,  - ,  - ,  - ,  - ,  - ,  - ,  - ,  - ,  - ,  - ,  - ,  - ,  - ,  - ,  - ,  - ,  - ,  - ,  - ,  - 
,,,,,,,,,,,,,,,,,,,,,,,,0,,,,,,,,,,,,,,,,,,,,,,,,0,0,,,,,  - ,  - ,  - ,  - ,  - ,  - ,  - ,  - ,  - ,  - ,  - ,  - ,  - ,  - ,  - ,  - ,  - ,  - ,  - ,  - ,  - ,  - ,  - ,  - ,  - ,  - ,  - ,  - ,  - ,  - ,  - ,  - 
,,,,,,,,,,,,,,,,,,,,,,,,0,,,,,,,,,,,,,,,,,,,,,,,,0,0,,,,,  - ,  - ,  - ,  - ,  - ,  - ,  - ,  - ,  - ,  - ,  - ,  - ,  - ,  - ,  - ,  - ,  - ,  - ,  - ,  - ,  - ,  - ,  - ,  - ,  - ,  - ,  - ,  - ,  - ,  - ,  - ,  - 
,,,,,,,,,,,,,,,,,,,,,,,,0,,,,,,,,,,,,,,,,,,,,,,,,0,0,,,,,  - ,  - ,  - ,  - ,  - ,  - ,  - ,  - ,  - ,  - ,  - ,  - ,  - ,  - ,  - ,  - ,  - ,  - ,  - ,  - ,  - ,  - ,  - ,  - ,  - ,  - ,  - ,  - ,  - ,  - ,  - ,  - 